Workbook

Sheet Sheet2
A1: Company | B1: Tricker | C1: Weightage*
A2: RELIANCE INDUSTRIES LTD | B2: RELIANCE | C2: 0.1162
A3: HDFC BANK LTD | B3: HDFCBANK | C3: 0.0911
A4: BHARTI AIRTEL LTD | B4: BHARTIARTL | C4: 0.0712
A5: TATA CONSULTANCY SERVICES LTD | B5: TCS | C5: 0.0691
A6: ICICI BANK LTD | B6: ICICIBANK | C6: 0.0623
A7: STATE BANK OF INDIA | B7: SBIN | C7: 0.0467
A8: BAJAJ FINANCE LTD | B8: BAJFINANCE | C8: 0.0386
A9: INFOSYS LTD | B9: INFY | C9: 0.0384
A10: HINDUSTAN UNILEVER LTD | B10: HINDUNILVR | C10: 0.0372
A11: ITC LTD | B11: ITC | C11: 0.0317
A12: LARSEN & TOUBRO LTD | B12: LT | C12: 0.0303
A13: MARUTI SUZUKI INDIA LTD | B13: MARUTI | C13: 0.0294
... A31: TECH MAHINDRA LTD | B31: TECHM | C31: 0.0091

Sheet PnL
B1: {=TRANSPOSE(Sheet2!B2:B31)} -> RELIANCE | C1: HDFCBANK | D1: BHARTIARTL | E1: TCS | F1: ICICIBANK | G1: SBIN | H1: BAJFINANCE | I1: INFY | J1: HINDUNILVR | K1: ITC | L1: LT | M1: MARUTI | N1: M&M | O1: HCLTECH | P1: KOTAKBANK | Q1: SUNPHARMA | R1: ULTRACEMCO | S1: AXISBANK | T1: BAJAJFINSV | U1: NTPC | V1: TITAN | W1: ETERNAL | X1: ADANIPORTS | Y1: BEL | Z1: POWERGRID | AA1: TATAMOTORS | AB1: ASIANPAINT | AC1: TATASTEEL | AD1: TRENT | AE1: TECHM
A2: {=_xlfn.STOCKHISTORY(B1,DATE(2023,1,1),DATE(2025,1,1),0,1,6)} -> Date | B2: Close | C2: {=_xlfn.STOCKHISTORY(C1,DATE(2023,1,1),DATE(2025,1,1),0,1,1)} -> Close | D2: {=_xlfn.STOCKHISTORY(D1,DATE(2023,1,1),DATE(2025,1,1),0,1,1)} -> Close | E2: {=_xlfn.STOCKHISTORY(E1,DATE(2023,1,1),DATE(2025,1,1),0,1,1)} -> Close | F2: {=_xlfn.STOCKHISTORY(F1,DATE(2023,1,1),DATE(2025,1,1),0,1,1)} -> Close | G2: {=_xlfn.STOCKHISTORY(G1,DATE(2023,1,1),DATE(2025,1,1),0,1,1)} -> Close | H2: {=_xlfn.STOCKHISTORY(H1,DATE(2023,1,1),DATE(2025,1,1),0,1,1)} -> Close | I2: {=_xlfn.STOCKHISTORY(I1,DATE(2023,1,1),DATE(2025,1,1),0,1,1)} -> Close | J2: {=_xlfn.STOCKHISTORY(J1,DATE(2023,1,1),DATE(2025,1,1),0,1,1)} -> Close | ... AE2: {=_xlfn.STOCKHISTORY(AE1,DATE(2023,1,1),DATE(2025,1,1),0,1,1)} -> Close
A3: 44928 | B3: 1169.2783 | C3: 812.3304 | D3: 813.5 | E3: 3210.2778 | F3: 902.45 | G3: 612.2 | H3: 655.375 | I3: 1524 | J3: 2548.2432 | K3: 314.8794 | L3: 2089.45 | M3: 8403.3 | N3: 1262.85 | O3: 1035.9678 | P3: 1825.05 | Q3: 997 | R3: 7017.95 | S3: 941.6 | T3: 1552.5 | U3: 168 | V3: 2565.75 | W3: 60.3 | X3: 822.3 | Y3: 100.25 | Z3: 161.2875 | AA3: 394.8 | AB3: 3047.25 | AC3: 119.25 | AD3: 1342.15 | AE3: 1009.5
A4: 44929 | B4: 1160.7217 | C4: 817.6422 | D4: 817.6 | E4: 3259.3949 | F4: 901.35 | G4: 612.4 | H4: 660.625 | I4: 1522.55 | J4: 2531.9581 | K4: 313.2239 | L4: 2088.95 | M4: 8382.75 | N4: 1249.3 | O4: 1037.8615 | P4: 1832.85 | Q4: 1009.1 | R4: 6993.6 | S4: 962.3 | T4: 1563 | U4: 167.6 | V4: 2613.6 | W4: 58.95 | X4: 820.45 | Y4: 100.35 | Z4: 161.7 | AA4: 393.9 | AB4: 3028.25 | AC4: 118.45 | AD4: 1347.4 | AE4: 1023.8
A5: 44930 | B5: 1143.2454 | C5: 803.0285 | D5: 811.8 | E5: 3262.6431 | F5: 899.1 | G5: 605.2 | H5: 657.1 | I5: 1494.8 | J5: 2526.0317 | K5: 309.3453 | L5: 2070.55 | M5: 8422.8 | N5: 1236.2 | O5: 1033.1274 | P5: 1820.75 | Q5: 1004.1 | R5: 7005.35 | S5: 957.45 | T5: 1547.85 | U5: 166.6 | V5: 2597.55 | W5: 56.35 | X5: 810 | Y5: 98.75 | Z5: 158.2875 | AA5: 385.6 | AB5: 3016.85 | AC5: 115.75 | AD5: 1307.4 | AE5: 1020.3
A6: 44931 | B6: 1141.2027 | C6: 797.8664 | D6: 807.1 | E6: 3259.1488 | F6: 879.15 | G6: 605.1 | H6: 610.005 | I6: 1475.2 | J6: 2573.4427 | K6: 315.447 | L6: 2087.35 | M6: 8461.1 | N6: 1252.65 | O6: 1040.6023 | P6: 1820.3 | Q6: 1016.2 | R6: 7007 | S6: 949.55 | T6: 1468.85 | U6: 169.9 | V6: 2562.1 | W6: 56.2 | X6: 819.6 | Y6: 99.95 | Z6: 156.6 | AA6: 386.9 | AB6: 3004.35 | AC6: 116.55 | AD6: 1279.9 | AE6: 1011.65
A7: 44932 | B7: 1151.575 | C7: 795.2229 | D7: 796 | E7: 3161.1608 | F7: 870.1 | G7: 600.65 | H7: 598.04 | I7: 1448.5 | J7: 2566.2215 | K7: 316.9607 | L7: 2086.55 | M7: 8383.05 | N7: 1264.9 | O7: 1029.3401 | P7: 1786.8 | Q7: 1008.7 | R7: 6982.2 | S7: 939.9 | T7: 1430.35 | U7: 169 | V7: 2538.1 | W7: 55.25 | X7: 806.1 | Y7: 98.95 | Z7: 156.075 | AA7: 382 | AB7: 2978.4 | AC7: 115.65 | AD7: 1248.15 | AE7: 986.15
A8: 44935 | B8: 1178.7654 | C8: 796.7691 | D8: 819.4 | E8: 3267.86 | F8: 873.35 | G8: 607.7 | H8: 599.335 | I8: 1484.45 | J8: 2613.6325 | K8: 319.7987 | L8: 2121.7 | M8: 8377 | N8: 1310.35 | O8: 1063.874 | P8: 1811.9 | Q8: 1016.85 | R8: 7034.85 | S8: 958.75 | T8: 1414 | U8: 170.4 | V8: 2484.65 | W8: 56 | X8: 816.65 | Y8: 100 | Z8: 156.825 | AA8: 389.45 | AB8: 2984.15 | AC8: 117.55 | AD8: 1219.75 | AE8: 1015.25
A9: 44936 | B9: 1161.3345 | C9: 782.2053 | D9: 792.85 | E9: 3234.8364 | F9: 861.35 | G9: 595.15 | H9: 590.415 | I9: 1469.75 | J9: 2633.3539 | K9: 315.3997 | L9: 2106.65 | M9: 8293.15 | N9: 1314.9 | O9: 1060.2861 | P9: 1795.55 | Q9: 1011.85 | R9: 6920.3 | S9: 952.15 | T9: 1413.3 | U9: 167.95 | V9: 2468.2 | W9: 54.7 | X9: 796.4 | Y9: 99.15 | Z9: 158.85 | AA9: 412.9 | AB9: 2960.35 | AC9: 118.85 | AD9: 1223.65 | AE9: 1002.65
A10: 44937 | B10: 1146.6953 | C10: 793.4773 | D10: 765.55 | E10: 3276.4727 | F10: 866.3 | G10: 596.7 | H10: 589.575 | I10: 1471.25 | J10: 2582.9548 | K10: 313.8861 | L10: 2125.35 | M10: 8284.45 | N10: 1312.6 | O10: 1051.2664 | P10: 1801.85 | Q10: 1028 | R10: 7021.95 | S10: 949.75 | T10: 1399.7 | U10: 166.05 | V10: 2437.4 | W10: 54.35 | X10: 796.45 | Y10: 100.2 | Z10: 158.9625 | AA10: 418.2 | AB10: 2940.4 | AC10: 118.85 | AD10: 1210.7 | AE10: 1006.35
A11: 44938 | B11: 1121.9334 | C11: 797.7167 | D11: 756.9 | E11: 3282.034 | F11: 860.65 | G11: 594.9 | H11: 589.84 | I11: 1480.6 | J11: 2579.7675 | K11: 312.0414 | L11: 2159.75 | M11: 8369.2 | N11: 1319.9 | O11: 1068.06 | P11: 1779.5 | Q11: 1032.85 | R11: 7153.35 | S11: 935.55 | T11: 1387.8 | U11: 165.95 | V11: 2446.6 | W11: 53.75 | X11: 792.95 | Y11: 99.4 | Z11: 160.125 | AA11: 412.25 | AB11: 2915.95 | AC11: 118.1 | AD11: 1209.5 | AE11: 1001.55
A12: 44939 | B12: 1120.1177 | C12: 798.3402 | D12: 764.3 | E12: 3321.6033 | F12: 873.45 | G12: 600.1 | H12: 597.78 | I12: 1503.65 | J12: 2613.5827 | K12: 311.0008 | L12: 2153.4 | M12: 8453.4 | N12: 1328.15 | O12: 1074.1894 | P12: 1780.3 | Q12: 1031.6 | R12: 7248.9 | S12: 934.15 | T12: 1391.15 | U12: 167.8 | V12: 2417.2 | W12: 53.25 | X12: 794.65 | Y12: 99.95 | Z12: 160.5 | AA12: 411.5 | AB12: 2909.15 | AC12: 120.45 | AD12: 1205.4 | AE12: 1003.15
A13: 44942 | B13: 1109.4503 | C13: 790.6842 | D13: 759.15 | E13: 3281.7388 | F13: 865.25 | G13: 603 | H13: 601.09 | I13: 1525.5 | J13: 2586.7895 | K13: 312.3725 | L13: 2137.2 | M13: 8380.1 | N13: 1315.6 | O13: 1090.0361 | P13: 1784.8 | Q13: 1035.45 | R13: 7284.85 | S13: 913.15 | T13: 1383.9 | U13: 165.95 | V13: 2405.85 | W13: 52.7 | X13: 787.05 | Y13: 102.1 | Z13: 161.7375 | AA13: 413 | AB13: 2916.05 | AC13: 119.95 | AD13: 1197.4 | AE13: 1034.45
A14: 44943 | B14: 1125.2017 | C14: 802.455 | D14: 765.7 | E14: 3325.3929 | F14: 865.15 | G14: 592.95 | H14: 598.495 | I14: 1539.5 | J14: 2656.9598 | K14: 314.3118 | L14: 2213.1 | M14: 8479.35 | N14: 1320.85 | O14: 1107.328 | P14: 1797.65 | Q14: 1032.7 | R14: 7377.65 | S14: 917.7 | T14: 1372.9 | U14: 167.7 | V14: 2407.95 | W14: 50.15 | X14: 784.75 | Y14: 102.9 | Z14: 163.8 | AA14: 415.3 | AB14: 2940.9 | AC14: 119.35 | AD14: 1193.1 | AE14: 1046.05
... A498: 45658 | B498: 1221.25 | C498: 889.1644 | D498: 1595.7 | E498: 4047.9257 | F498: 1283.65 | G498: 793.2 | H498: 693.53 | I498: 1882.5 | J498: 2322.1 | K498: 457.8215 | L498: 3667.5 | M498: 11208.3 | N498: 3082 | O498: 1905.545 | P498: 1788.4 | Q498: 1889.95 | R498: 11447 | S498: 1071.8 | T498: 1576.4 | U498: 333.65 | V498: 3253.85 | W498: 276.5 | X498: 1218.7 | Y498: 293.9 | Z498: 310.4 | AA498: 749.25 | AB498: 2304.65 | AC498: 136.74 | AD498: 7068.05 | AE498: 1703.85

Sheet daily returns
A1: =PnL!A2 -> Date | B1: {=TRANSPOSE(Sheet2!B2:B31)} -> RELIANCE | C1: HDFCBANK | D1: BHARTIARTL | E1: TCS | F1: ICICIBANK | G1: SBIN | H1: BAJFINANCE | I1: INFY | J1: HINDUNILVR | K1: ITC | L1: LT | M1: MARUTI | N1: M&M | O1: HCLTECH | P1: KOTAKBANK | Q1: SUNPHARMA | R1: ULTRACEMCO | S1: AXISBANK | T1: BAJAJFINSV | U1: NTPC | V1: TITAN | W1: ETERNAL | X1: ADANIPORTS | Y1: BEL | Z1: POWERGRID | AA1: TATAMOTORS | AB1: ASIANPAINT | AC1: TATASTEEL | AD1: TRENT | AE1: TECHM
A2: =PnL!A3 -> 44928 | B2: =LN(PnL!B4/PnL!B3) -> -0.007344754 | C2: =LN(PnL!C4/PnL!C3) -> 0.0065176786 | D2: =LN(PnL!D4/PnL!D3) -> 0.0050272928 | E2: =LN(PnL!E4/PnL!E3) -> 0.015184089 | F2: =LN(PnL!F4/PnL!F3) -> -0.0012196476 | G2: =LN(PnL!G4/PnL!G3) -> 0.00032663727 | H2: =LN(PnL!H4/PnL!H3) -> 0.0079787657 | I2: =LN(PnL!I4/PnL!I3) -> -0.00095189648 | ... AE2: =LN(PnL!AE4/PnL!AE3) -> 0.014066036
A3: =PnL!A4 -> 44929 | B3: =LN(PnL!B5/PnL!B4) -> -0.015170907 | C3: =LN(PnL!C5/PnL!C4) -> -0.018034627 | D3: =LN(PnL!D5/PnL!D4) -> -0.007119215 | E3: =LN(PnL!E5/PnL!E4) -> 0.0009960691 | F3: =LN(PnL!F5/PnL!F4) -> -0.0024993765 | G3: =LN(PnL!G5/PnL!G4) -> -0.011826682 | H3: =LN(PnL!H5/PnL!H4) -> -0.0053501427 | I3: =LN(PnL!I5/PnL!I4) -> -0.018394142 | ... AE3: =LN(PnL!AE5/PnL!AE4) -> -0.0034244933
A4: =PnL!A5 -> 44930 | B4: =LN(PnL!B6/PnL!B5) -> -0.0017883536 | C4: =LN(PnL!C6/PnL!C5) -> -0.0064490403 | D4: =LN(PnL!D6/PnL!D5) -> -0.0058064281 | E4: =LN(PnL!E6/PnL!E5) -> -0.0010715768 | F4: =LN(PnL!F6/PnL!F5) -> -0.022438731 | G4: =LN(PnL!G6/PnL!G5) -> -0.00016524829 | H4: =LN(PnL!H6/PnL!H5) -> -0.07436906 | I4: =LN(PnL!I6/PnL!I5) -> -0.013198845 | ... AE4: =LN(PnL!AE6/PnL!AE5) -> -0.0085140405
A5: =PnL!A6 -> 44931 | B5: =LN(PnL!B7/PnL!B6) -> 0.0090478643 | C5: =LN(PnL!C7/PnL!C6) -> -0.0033187122 | D5: =LN(PnL!D7/PnL!D6) -> -0.01384839 | E5: =LN(PnL!E7/PnL!E6) -> -0.030526755 | F5: =LN(PnL!F7/PnL!F6) -> -0.010347384 | G5: =LN(PnL!G7/PnL!G6) -> -0.0073813315 | H5: =LN(PnL!H7/PnL!H6) -> -0.019809513 | I5: =LN(PnL!I7/PnL!I6) -> -0.018265036 | ... AE5: =LN(PnL!AE7/PnL!AE6) -> -0.025529467
A6: =PnL!A7 -> 44932 | B6: =LN(PnL!B8/PnL!B7) -> 0.023337049 | C6: =LN(PnL!C8/PnL!C7) -> 0.0019424727 | D6: =LN(PnL!D8/PnL!D7) -> 0.028973179 | E6: =LN(PnL!E8/PnL!E7) -> 0.033196035 | F6: =LN(PnL!F8/PnL!F7) -> 0.0037282443 | G6: =LN(PnL!G8/PnL!G7) -> 0.011668937 | H6: =LN(PnL!H8/PnL!H7) -> 0.0021630659 | I6: =LN(PnL!I8/PnL!I7) -> 0.024515795 | ... AE6: =LN(PnL!AE8/PnL!AE7) -> 0.029081694
A7: =PnL!A8 -> 44935 | B7: =LN(PnL!B9/PnL!B8) -> -0.014897845 | C7: =LN(PnL!C9/PnL!C8) -> -0.018447687 | D7: =LN(PnL!D9/PnL!D8) -> -0.032938316 | E7: =LN(PnL!E9/PnL!E8) -> -0.010156982 | F7: =LN(PnL!F9/PnL!F8) -> -0.013835466 | G7: =LN(PnL!G9/PnL!G8) -> -0.020867865 | H7: =LN(PnL!H9/PnL!H8) -> -0.014995028 | I7: =LN(PnL!I9/PnL!I8) -> -0.009952015 | ... AE7: =LN(PnL!AE9/PnL!AE8) -> -0.012488393
A8: =PnL!A9 -> 44936 | B8: =LN(PnL!B10/PnL!B9) -> -0.012685622 | C8: =LN(PnL!C10/PnL!C9) -> 0.014307694 | D8: =LN(PnL!D10/PnL!D9) -> -0.035039519 | E8: =LN(PnL!E10/PnL!E9) -> 0.012789093 | F8: =LN(PnL!F10/PnL!F9) -> 0.005730343 | G8: =LN(PnL!G10/PnL!G9) -> 0.0026009999 | H8: =LN(PnL!H10/PnL!H9) -> -0.0014237411 | I8: =LN(PnL!I10/PnL!I9) -> 0.0010200613 | ... AE8: =LN(PnL!AE10/PnL!AE9) -> 0.0036834288
A9: =PnL!A10 -> 44937 | B9: =LN(PnL!B11/PnL!B10) -> -0.021830706 | C9: =LN(PnL!C11/PnL!C10) -> 0.0053285898 | D9: =LN(PnL!D11/PnL!D10) -> -0.011363385 | E9: =LN(PnL!E11/PnL!E10) -> 0.0016959048 | F9: =LN(PnL!F11/PnL!F10) -> -0.0065433512 | G9: =LN(PnL!G11/PnL!G10) -> -0.0030211503 | H9: =LN(PnL!H11/PnL!H10) -> 0.00044937533 | I9: =LN(PnL!I11/PnL!I10) -> 0.0063350314 | ... AE9: =LN(PnL!AE11/PnL!AE10) -> -0.0047811237
A10: =PnL!A11 -> 44938 | B10: =LN(PnL!B12/PnL!B11) -> -0.001619678 | C10: =LN(PnL!C12/PnL!C11) -> 0.00078130051 | D10: =LN(PnL!D12/PnL!D11) -> 0.0097292379 | E10: =LN(PnL!E12/PnL!E11) -> 0.011984236 | F10: =LN(PnL!F12/PnL!F11) -> 0.014762969 | G10: =LN(PnL!G12/PnL!G11) -> 0.0087029838 | H10: =LN(PnL!H12/PnL!H11) -> 0.01337148 | I10: =LN(PnL!I12/PnL!I11) -> 0.015448075 | ... AE10: =LN(PnL!AE12/PnL!AE11) -> 0.0015962492
A11: =PnL!A12 -> 44939 | B11: =LN(PnL!B13/PnL!B12) -> -0.0095691016 | C11: =LN(PnL!C13/PnL!C12) -> -0.0096361758 | D11: =LN(PnL!D13/PnL!D12) -> -0.0067609959 | E11: =LN(PnL!E13/PnL!E12) -> -0.012074184 | F11: =LN(PnL!F13/PnL!F12) -> -0.0094324044 | G11: =LN(PnL!G13/PnL!G12) -> 0.0048208887 | H11: =LN(PnL!H13/PnL!H12) -> 0.0055218805 | I11: =LN(PnL!I13/PnL!I12) -> 0.014426739 | ... AE11: =LN(PnL!AE13/PnL!AE12) -> 0.030724835
A12: =PnL!A13 -> 44942 | B12: =LN(PnL!B14/PnL!B13) -> 0.014097641 | C12: =LN(PnL!C14/PnL!C13) -> 0.014777132 | D12: =LN(PnL!D14/PnL!D13) -> 0.0085910618 | E12: =LN(PnL!E14/PnL!E13) -> 0.013214429 | F12: =LN(PnL!F14/PnL!F13) -> -0.00011558021 | G12: =LN(PnL!G14/PnL!G13) -> -0.016807118 | H12: =LN(PnL!H14/PnL!H13) -> -0.004326503 | I12: =LN(PnL!I14/PnL!I13) -> 0.0091354632 | ... AE12: =LN(PnL!AE14/PnL!AE13) -> 0.011151281
A13: =PnL!A14 -> 44943 | B13: =LN(PnL!B15/PnL!B14) -> -0.001655384 | C13: =LN(PnL!C15/PnL!C14) -> 0.017497724 | D13: =LN(PnL!D15/PnL!D14) -> 0.014070584 | E13: =LN(PnL!E15/PnL!E14) -> 0.003427698 | F13: =LN(PnL!F15/PnL!F14) -> 0.0050154315 | G13: =LN(PnL!G15/PnL!G14) -> -0.0025329294 | H13: =LN(PnL!H15/PnL!H14) -> 0.0022864592 | I13: =LN(PnL!I15/PnL!I14) -> 0.0038250881 | ... AE13: =LN(PnL!AE15/PnL!AE14) -> 0.002196334
... A495: =PnL!A496 -> 45656 | B495: =LN(PnL!B497/PnL!B496) -> 0.0039156739 | C495: =LN(PnL!C497/PnL!C496) -> -0.0028444284 | D495: =LN(PnL!D497/PnL!D496) -> 0.00053549211 | E495: =LN(PnL!E497/PnL!E496) -> -0.015508685 | F495: =LN(PnL!F497/PnL!F496) -> -0.010092078 | G495: =LN(PnL!G497/PnL!G496) -> 0.0084004915 | H495: =LN(PnL!H497/PnL!H496) -> -0.0095178036 | I495: =LN(PnL!I497/PnL!I496) -> -0.013735028 | ... AE495: =LN(PnL!AE497/PnL!AE496) -> -0.020104824
B496: =LN(PnL!B498/PnL!B497) -> 0.0047605458 | C496: =LN(PnL!C498/PnL!C497) -> 0.0055686676 | D496: =LN(PnL!D498/PnL!D497) -> 0.0049945917 | E496: =LN(PnL!E498/PnL!E497) -> 0.0043010889 | F496: =LN(PnL!F498/PnL!F497) -> 0.0015592721 | G496: =LN(PnL!G498/PnL!G497) -> -0.0022038229 | H496: =LN(PnL!H498/PnL!H497) -> 0.016325054 | I496: =LN(PnL!I498/PnL!I497) -> 0.0013289039 | ... AE496: =LN(PnL!AE498/PnL!AE497) -> -0.0013782791

Sheet Returns SENSEX
A1: ='daily returns'!A1 -> Date | B1: Sensex Returns
A2: ='daily returns'!A2 -> 44928 | B2: {=SUMPRODUCT('daily returns'!B2:AE2,TRANSPOSE(Sheet2!$C$2:$C$31))} -> 0.0013816686
A3: ='daily returns'!A3 -> 44929 | B3: {=SUMPRODUCT('daily returns'!B3:AE3,TRANSPOSE(Sheet2!$C$2:$C$31))} -> -0.010051468
A4: ='daily returns'!A4 -> 44930 | B4: {=SUMPRODUCT('daily returns'!B4:AE4,TRANSPOSE(Sheet2!$C$2:$C$31))} -> -0.0047090348
A5: ='daily returns'!A5 -> 44931 | B5: {=SUMPRODUCT('daily returns'!B5:AE5,TRANSPOSE(Sheet2!$C$2:$C$31))} -> -0.0086019886
A6: ='daily returns'!A6 -> 44932 | B6: {=SUMPRODUCT('daily returns'!B6:AE6,TRANSPOSE(Sheet2!$C$2:$C$31))} -> 0.014203401
A7: ='daily returns'!A7 -> 44935 | B7: {=SUMPRODUCT('daily returns'!B7:AE7,TRANSPOSE(Sheet2!$C$2:$C$31))} -> -0.011157203
A8: ='daily returns'!A8 -> 44936 | B8: {=SUMPRODUCT('daily returns'!B8:AE8,TRANSPOSE(Sheet2!$C$2:$C$31))} -> -0.0020406116
A9: ='daily returns'!A9 -> 44937 | B9: {=SUMPRODUCT('daily returns'!B9:AE9,TRANSPOSE(Sheet2!$C$2:$C$31))} -> -0.0029533188
A10: ='daily returns'!A10 -> 44938 | B10: {=SUMPRODUCT('daily returns'!B10:AE10,TRANSPOSE(Sheet2!$C$2:$C$31))} -> 0.0051808159
A11: ='daily returns'!A11 -> 44939 | B11: {=SUMPRODUCT('daily returns'!B11:AE11,TRANSPOSE(Sheet2!$C$2:$C$31))} -> -0.003786427
A12: ='daily returns'!A12 -> 44942 | B12: {=SUMPRODUCT('daily returns'!B12:AE12,TRANSPOSE(Sheet2!$C$2:$C$31))} -> 0.0071023939
A13: ='daily returns'!A13 -> 44943 | B13: {=SUMPRODUCT('daily returns'!B13:AE13,TRANSPOSE(Sheet2!$C$2:$C$31))} -> 0.0055181849
... A495: ='daily returns'!A495 -> 45656 | B495: {=SUMPRODUCT('daily returns'!B495:AE495,TRANSPOSE(Sheet2!$C$2:$C$31))} -> 7.9093372e-05
A496: 45658 | B496: {=SUMPRODUCT('daily returns'!B496:AE496,TRANSPOSE(Sheet2!$C$2:$C$31))} -> 0.0047056687

Sheet Garch
A1: Garch
A2: Date | B2: Volatility
A3: 44928 | B3: 0.13206888
A4: 44929 | B4: 0.12996104
A5: 44930 | B5: 0.1259318
A6: 44931 | B6: 0.13104229
A7: 44932 | B7: 0.12871914
A8: 44935 | B8: 0.1292075
A9: 44936 | B9: 0.14081998
A10: 44937 | B10: 0.14423642
A11: 44938 | B11: 0.13907508
A12: 44939 | B12: 0.13466965
A13: 44942 | B13: 0.13210662
A14: 44943 | B14: 0.12825236
... A493: 45658 | B493: 0.13206856
